{"IcoMoonType":"selection","icons":[{"icon":{"paths":["M329.143 512c0 9.714-4 18.857-10.857 25.714l-256 256c-6.857 6.857-16 10.857-25.714 10.857-20 0-36.571-16.571-36.571-36.571v-512c0-20 16.571-36.571 36.571-36.571 9.714 0 18.857 4 25.714 10.857l256 256c6.857 6.857 10.857 16 10.857 25.714z"],"attrs":[{}],"width":329,"isMulticolor":false,"isMulticolor2":false,"tags":["caret-right"],"grid":14},"attrs":[{}],"properties":{"order":1,"id":0,"prevSize":28,"code":59648,"name":"em-caret-right"},"setIdx":0,"setId":4,"iconIdx":0},{"icon":{"paths":["M164 346l51 67t112.5 147.5 113 148l51.5 67.5q7 0 62.5-67.5t119-148 115-147.5l51.5-67h-676z"],"isMulticolor":false,"isMulticolor2":false,"tags":["uniE607"],"defaultCode":58887,"grid":0,"attrs":[]},"attrs":[],"properties":{"id":34,"order":4,"ligatures":"","prevSize":32,"code":58887,"name":"em-caret-dwn"},"setIdx":1,"setId":3,"iconIdx":0}],"height":1024,"metadata":{"name":"icomoon"},"preferences":{"showGlyphs":true,"showQuickUse":true,"showQuickUse2":true,"showSVGs":true,"fontPref":{"prefix":"icon-","metadata":{"fontFamily":"icomoon","majorVersion":1,"minorVersion":0},"metrics":{"emSize":1024,"baseline":6.25,"whitespace":50},"embed":false,"showVersion":false,"showMetadata":false},"imagePref":{"prefix":"icon-","png":true,"useClassSelector":true,"color":0,"bgColor":16777215,"classSelector":".icon"},"historySize":50,"showCodes":true,"gridSize":16}}